{"epoch": [0, 1, 2, 3, 4, 5, 6, 7, 8, 9, 10, 11, 12, 13, 14, 15, 16, 17, 18, 19, 20, 21, 22, 23, 24, 25, 26, 27, 28, 29, 30, 31, 32, 33, 34, 35, 36, 37, 38, 39, 40, 41, 42, 43, 44, 45, 46, 47, 48, 49, 50, 51, 52, 53, 54, 55, 56, 57, 58, 59, 60, 61, 62, 63, 64, 65, 66, 67, 68, 69, 70, 71, 72, 73, 74, 75, 76, 77, 78, 79, 80, 81, 82, 83, 84, 85, 86, 87, 88, 89, 90, 91, 92, 93, 94, 95, 96, 97, 98, 99], "train_loss": [42.30644975097394, 31.400846205726374, 27.276843839107837, 24.898149258418485, 23.171630777514544, 21.87122278117997, 21.336992332010993, 20.83287129927432, 20.404042493631913, 19.981550323093398, 19.664314679321812, 19.419438731857976, 19.100316840350544, 18.945306431411503, 18.814652129133712, 18.648203422753767, 18.473920122236652, 18.32456322835068, 18.116608158542704, 18.03817318301003, 17.936583694981916, 17.684045236339216, 17.437237395749072, 17.16306494575031, 16.887812970533904, 16.705378204967843, 16.528124151652804, 16.322706099743495, 16.142384359935495, 15.987656750221962, 15.875316562570728, 15.701849547237456, 15.585689517390916, 15.476810205647874, 15.312927330682887, 15.224776877865771, 15.03953514863152, 14.931205720860559, 14.826542942991242, 14.671781511265833, 14.5641438384595, 14.470143292253791, 14.35238605984973, 14.201683894417998, 14.15179716500431, 14.020156474243077, 13.935759776310519, 13.873113993752497, 13.765534299978713, 13.66991881069025, 13.601972544483191, 13.488526768609349, 13.428858001174163, 13.382136822428997, 13.27283457318089, 13.208387700955415, 13.154103262741678, 13.111344649897454, 13.033375240702485, 12.94829732324603, 12.873870655872961, 12.818368536549405, 12.750810549494535, 12.657452590134692, 12.621112099021289, 12.557703507986874, 12.509072650314572, 12.40449106437454, 12.394230858962423, 12.274439769411973, 12.2314997374244, 12.182871377860357, 12.178643207522763, 12.091367686084753, 12.074550181158282, 12.003106552473294, 11.930589296616539, 11.877732551149032, 11.833709082378338, 11.778875566518018, 11.748007974911145, 11.654719201280324, 11.610301054598436, 11.605344270261401, 11.56174763009613, 11.521197784271022, 11.449411197111159, 11.441995125471777, 11.381096051315723, 11.315653225212479, 11.318814322672177, 11.286015795706339, 11.20105057554013, 11.185410865216125, 11.138093816023186, 11.087962241984574, 11.062569496798755, 11.033462469840424, 11.00897149944169, 10.974170343729218], "val_main": [7.359219204295766, 6.804692057046023, 6.336564345793291, 6.00301019711928, 5.730486582625996, 5.517201765017076, 5.291060924530029, 5.074967481873252, 4.938497835939581, 4.775156730955297, 4.689485284415158, 4.528165448795665, 4.477957205338911, 4.416425477374684, 4.342114025896246, 4.249793437394229, 4.202501920136538, 4.2268151126124645, 4.0253652740608565, 3.978586023504084, 4.021811718290502, 3.988067003813657, 3.9094819751652805, 3.8906864280050453, 3.896646488796581, 3.783322797580199, 3.8179933320392263, 3.7321137325330214, 3.6865504709157078, 3.689448058605194, 3.667185580188578, 3.719003314321691, 3.636501493779096, 3.544273547150872, 3.5709691481156782, 3.531440694223751, 3.5472378974611107, 3.455497145652771, 3.439068309285424, 3.4523971541361376, 3.386743727055463, 3.3893742886456577, 3.3922551436857744, 3.3890242874622345, 3.31701874462041, 3.2899893766099755, 3.342626612294804, 3.3591386675834656, 3.2520825321024116, 3.255455572496761, 3.2456477121873335, 3.1885662105950443, 3.2076772911982103, 3.2896330762993204, 3.1804942434484307, 3.1800453066825867, 3.0984987074678596, 3.1178488487547096, 3.0876831764524635, 3.1093973354859785, 3.1137871850620615, 3.144114589149302, 3.043745506893505, 3.0480293848297815, 3.050254602323879, 2.991729652339762, 2.9810810576785696, 2.9397642504085195, 2.9976623979481785, 2.9576304934241553, 2.984555856748061, 2.9639731483025984, 2.906828587705439, 2.913381600921804, 2.9080685918981377, 2.8814466135068373, 2.8779996552250604, 2.8584315153685482, 2.8341836035251617, 2.85468097708442, 2.7969791157679125, 2.851599958809939, 2.820004352114417, 2.79694846814329, 2.8021995289759203, 2.7632343877445567, 2.764343510974537, 2.7570795091715725, 2.724280235442248, 2.7488103156740014, 2.7588798186995764, 2.7070468908006493, 2.7719694565642965, 2.7210325436158613, 2.691627109592611, 2.7088848785920576, 2.6658977161754263, 2.6432420069521125, 2.6935095489025116, 2.6339199353348124], "val_dxy_loss": [8.025909039107235, 7.09037598696622, 6.592530917037617, 6.548661302436482, 6.260935539549047, 5.894743556326086, 5.83396612514149, 5.707482148300517, 5.743945436044172, 5.758426514538852, 5.503847647796977, 5.483689270236275, 5.488949298858643, 5.422566760670055, 5.289166634733027, 5.223902160471136, 5.3302501819350505, 5.260917679830031, 5.086402475833893, 5.1251554543321785, 5.007491241801869, 4.974287081848491, 5.037746321071278, 4.906078804622997, 4.947249634699388, 4.966384362090718, 4.873184924775904, 4.775421397252516, 4.759188066829335, 4.7102127346125515, 4.714197288859975, 4.7063341465863315, 4.845549588853663, 4.6224449114366015, 4.577564488757741, 4.552250704982064, 4.632330520586534, 4.5870993895964185, 4.538064127618616, 4.564549998803572, 4.46722639690746, 4.471440320665186, 4.532646395943382, 4.532573813741857, 4.480281640182842, 4.378613610159267, 4.464590348980644, 4.618899480863051, 4.405275052244013, 4.429876939816908, 4.382549803365361, 4.33980133858594, 4.500814838842913, 4.43926305662502, 4.32279265739701, 4.346763505177065, 4.312814696268602, 4.3239064975218335, 4.249748229980469, 4.349954190579328, 4.273058102889494, 4.443795968185771, 4.190886540846392, 4.23891384493221, 4.291273214600303, 4.301136409694498, 4.180169224739075, 4.196668570691889, 4.300660352815282, 4.183246837420897, 4.156899118965322, 4.12790627100251, 4.1106593473391095, 4.09641489928419, 4.149565404111689, 4.067651312459599, 4.147417667237195, 4.031870115887035, 4.059282462705266, 4.084037973122164, 4.002273976802826, 4.121029764413834, 4.139657351103696, 4.073372442613948, 4.065525859594345, 4.022296997633847, 4.061322545463389, 3.9839933081106707, 3.9846156618811865, 4.051582843065262, 4.000335836952383, 3.963690600611947, 4.038945683024147, 4.074198690327731, 3.9396078180183065, 4.064317334781993, 3.938886956735091, 3.9450474787842142, 3.9668979428031226, 3.918140931562944],