{"epoch": [0, 1, 2, 3, 4, 5, 6, 7, 8, 9, 10, 11, 12, 13, 14, 15, 16, 17, 18, 19, 20, 21, 22, 23, 24, 25, 26, 27, 28, 29], "train_loss": [46.296175253337324, 35.59895481351274, 31.77293425339919, 29.260383157169116, 27.72451844797954, 26.73291921831364, 25.977905886205612, 25.350460367504827, 24.745100672967833, 24.215161875901718, 23.73248317338762, 23.212726062239565, 22.73510149269622, 22.312359408555526, 21.81373742479005, 21.422183261198157, 21.07977529672476, 20.734678682698384, 20.36982598024256, 20.057561265936805, 19.846886647772465, 19.540071975052086, 19.275522387405328, 19.043980628656588, 18.854711990011225, 18.61104765844561, 18.408615897683536, 18.23512151338396, 17.988143821647263, 17.87681400937732], "val_main": [8.179264460291181, 7.289597281387874, 6.774143525532314, 6.475280395575932, 6.2025870595659525, 6.027920501572745, 5.856154782431466, 5.686762733118875, 5.568985675062452, 5.4684052382196695, 5.340664991310665, 5.23218173640115, 5.170562633446285, 5.048258330140795, 4.9671036175319125, 4.853220198835645, 4.793683920587812, 4.760439515113831, 4.654421601976667, 4.633055508136749, 4.523649062429156, 4.504554322787693, 4.456567636557987, 4.399725828851972, 4.355639466217586, 4.354443260601589, 4.308273698602404, 4.343072286673954, 4.244538681847708, 4.203613379171917], "val_dxy_loss": [8.372907212802343, 7.857367532593863, 7.278367527893612, 7.05762882743563, 6.8689446449279785, 6.759753542287009, 6.744230917521885, 6.565058495317187, 6.550243181841714, 6.464507784162249, 6.3575133340699335, 6.3929323554039, 6.358523351805551, 6.2566811101777215, 6.369301549025944, 6.166119303022112, 6.073634590421404, 6.177304140159062, 6.068103551864624, 6.4751594832965305, 5.86308502299445, 5.849446943828037, 5.90640035697392, 5.778971416609628, 5.707450228078025, 5.769201133932386, 5.6387724450656345, 5.666156879493168, 5.640418180397579, 5.608630393232618], "val_median_m": [10.720308303833008, 10.208797454833984, 9.613906860351562, 9.391645431518555, 9.157537460327148, 9.107637405395508, 9.164631843566895, 8.78121566772461, 8.821270942687988, 8.81013298034668, 8.700990676879883, 8.833513259887695, 8.742958068847656, 8.622369766235352, 8.902990341186523, 8.50341510772705, 8.333064079284668, 8.607770919799805, 8.327198028564453, 9.109272003173828, 8.128921508789062, 8.04559326171875, 8.262872695922852, 7.966750144958496, 7.866877555847168, 8.085311889648438, 7.831204414367676, 7.956183910369873, 7.803750038146973, 7.858426094055176], "val_mean_m": [13.989972114562988, 13.177201271057129, 12.26885986328125, 11.919219970703125, 11.616945266723633, 11.44399356842041, 11.419994354248047, 11.130414009094238, 11.102579116821289, 10.975468635559082, 10.805335998535156, 10.85798454284668, 10.812152862548828, 10.66085433959961, 10.823369979858398, 10.511526107788086, 10.350733757019043, 10.506778717041016, 10.331518173217773, 11.025283813476562, 10.036375045776367, 9.994568824768066, 10.09083366394043, 9.88335132598877, 9.778264999389648, 9.875669479370117, 9.664847373962402, 9.724051475524902, 9.663128852844238, 9.63469409942627]}