{"epoch": [0, 1, 2, 3, 4, 5, 6, 7, 8, 9, 10, 11, 12, 13, 14, 15, 16, 17, 18, 19, 20, 21, 22, 23, 24, 25, 26, 27, 28, 29], "train_loss": [45.487444165605226, 34.59835254013269, 30.548931471362913, 28.695630293626053, 27.438271185931036, 26.483739555151754, 26.079611238850728, 25.730116529162654, 25.38985705483553, 25.116382214818067, 24.774887084960938, 24.467183674083035, 24.211617107305052, 23.93099084051486, 23.75024297550253, 23.60751692741705, 23.465992232793056, 23.333233617549567, 23.20074859032264, 23.144166087672723, 23.065946169028994, 22.798343226920426, 22.513557649845453, 22.19745692947871, 22.034024946290444, 21.80730079202091, 21.559797619262973, 21.356234826653253, 21.169045314529903, 21.017285994275124], "val_main": [7.775638699531555, 6.858922805104937, 6.306095038141523, 5.985766538551876, 5.794041574001312, 5.60514235496521, 5.453052256788526, 5.311177773135049, 5.199114194938114, 5.067076240267072, 4.941596874168941, 4.857489347457886, 4.751485552106585, 4.66841105903898, 4.557285130023956, 4.535924196243286, 4.471385393823896, 4.4246364406176975, 4.302838887487139, 4.301457694598606, 4.2359287823949545, 4.205498103584562, 4.216816961765289, 4.174361216170447, 4.135709102664675, 4.03008234500885, 4.030534139701298, 4.00886668903487, 3.9882288617747172, 3.9966877826622556], "val_dxy_loss": [8.346588322094508, 7.693247318267822, 7.222601779869625, 7.157323036875043, 6.927871406078339, 6.8467050194740295, 6.720505254609244, 6.719926178455353, 6.589090866701944, 6.510020673274994, 6.3959870764187405, 6.356768258980343, 6.24430399281638, 6.277625177587781, 6.150819540023804, 6.235402984278543, 6.221259193761008, 6.0408525722367425, 6.066505151135581, 6.036314759935651, 5.996986099651882, 5.946334668568203, 6.036591402121952, 5.833945546831403, 5.990105892930712, 5.837244059358325, 5.816599352019174, 5.712933736188071, 5.698045407022748, 5.74974182673863], "val_median_m": [10.656614303588867, 10.159605979919434, 9.484851837158203, 9.578290939331055, 9.29898452758789, 9.19651985168457, 9.038469314575195, 9.137399673461914, 8.903772354125977, 8.766807556152344, 8.695296287536621, 8.595413208007812, 8.398664474487305, 8.597925186157227, 8.30532455444336, 8.588545799255371, 8.5239839553833, 8.243356704711914, 8.394449234008789, 8.251876831054688, 8.158849716186523, 8.124430656433105, 8.246177673339844, 8.08261775970459, 8.331029891967773, 8.080944061279297, 8.095399856567383, 7.855765342712402, 7.9248199462890625, 8.053637504577637], "val_mean_m": [13.95383358001709, 12.928895950317383, 12.18460750579834, 12.089652061462402, 11.732901573181152, 11.584990501403809, 11.394617080688477, 11.399882316589355, 11.167094230651855, 11.061102867126465, 10.885156631469727, 10.823573112487793, 10.62909984588623, 10.694769859313965, 10.484166145324707, 10.626890182495117, 10.607904434204102, 10.301419258117676, 10.376058578491211, 10.30759048461914, 10.243596076965332, 10.152939796447754, 10.307415008544922, 9.973535537719727, 10.252481460571289, 9.99953842163086, 9.940145492553711, 9.785381317138672, 9.768644332885742, 9.84272575378418]}