{"epoch": [0, 1, 2, 3, 4, 5, 6, 7, 8, 9, 10, 11, 12, 13, 14, 15, 16, 17, 18, 19, 20, 21, 22, 23, 24, 25, 26, 27, 28, 29, 30, 31, 32, 33, 34, 35, 36, 37, 38, 39, 40, 41, 42, 43, 44, 45, 46, 47, 48, 49, 50, 51, 52, 53, 54, 55, 56, 57, 58, 59, 60, 61, 62, 63, 64, 65, 66, 67, 68, 69, 70, 71, 72, 73, 74, 75, 76, 77, 78, 79, 80, 81, 82, 83, 84, 85, 86, 87, 88, 89, 90, 91, 92, 93, 94, 95, 96, 97, 98, 99, 100, 101, 102, 103, 104, 105, 106, 107, 108, 109, 110, 111, 112, 113, 114, 115, 116, 117, 118, 119, 120, 121, 122, 123, 124, 125, 126, 127, 128, 129, 130, 131, 132, 133, 134, 135, 136, 137, 138, 139, 140, 141, 142, 143, 144, 145, 146, 147, 148, 149, 150, 151, 152, 153, 154, 155, 156, 157, 158, 159, 160, 161, 162, 163, 164, 165, 166, 167, 168, 169, 170, 171, 172, 173, 174, 175, 176, 177, 178, 179], "train_loss": [36.06723356031185, 25.977775655720567, 21.469165331637697, 18.029766089236574, 16.033953226529636, 15.118860380681932, 14.553721695464121, 14.15158395637754, 13.779952180871057, 13.478252812208632, 13.211313200212711, 12.996874341058515, 12.807389183821181, 12.666584655709936, 12.496402727532711, 12.337437925295593, 12.189804959620826, 12.078905394713804, 11.986426521750058, 11.867136739497811, 11.80289890971119, 11.725910376639387, 11.643733973956216, 11.582938653850986, 11.523417246287764, 11.454637076520273, 11.406224975758548, 11.332814958839935, 11.294401434212249, 11.236307282253629, 11.193286181575033, 11.122513570397148, 11.040971799134129, 10.981887614565197, 10.89664093725282, 10.842266497029438, 10.775919446038984, 10.721172183886912, 10.661992532635166, 10.610905515662147, 10.546998643227832, 10.484096958626449, 10.43681343216702, 10.387180936821984, 10.341538629920235, 10.31589288409479, 10.24959470999187, 10.208490317763246, 10.171623639930967, 10.128692551435927, 10.094214419973381, 10.05211955929234, 10.026842956629274, 9.972339830786934, 9.934088120093712, 9.90168296589571, 9.8723940396201, 9.837222416476427, 9.803640766920546, 9.778290304123546, 9.735838406765623, 9.706605751589953, 9.661214599781985, 9.638172093559714, 9.626114525946017, 9.588295830860396, 9.549519312327803, 9.53192152049207, 9.5009544057544, 9.485795610091266, 9.452343927789059, 9.423728806940138, 9.401285555567677, 9.368998887851767, 9.34305660109714, 9.337460634395548, 9.303432898284084, 9.277707045973695, 9.253174967355857, 9.222074336056256, 9.21588055148923, 9.178412836601291, 9.153694729999179, 9.134933033679944, 9.110254468961, 9.089871510121617, 9.075078170224012, 9.05850536467263, 9.028597436879016, 9.022083053761477, 8.986977603101083, 8.956049537227164, 8.950319095974054, 8.928186486749087, 8.913311254924238, 8.897194845104648, 8.8682173344884, 8.854032321213596, 8.837860841017504, 8.820561083193818, 8.810586387755105, 8.791073968507586, 8.782530226858492, 8.756557874550108, 8.733677165001227, 8.72148108806006, 8.702912862484272, 8.686975914968086, 8.684867143630981, 8.654960953811715, 8.633688112189867, 8.624810566190142, 8.606076154234183, 8.600453785641701, 8.580938586282514, 8.55878393898183, 8.558306823488813, 8.538262633716359, 8.523463775669288, 8.505375962451572, 8.491744676866142, 8.475919772057512, 8.469346571831682, 8.459727189120125, 8.436887105665596, 8.426649035371806, 8.411190297269174, 8.392521715811474, 8.391999730157636, 8.37634112932024, 8.371726792322564, 8.367038246733031, 8.343339027862203, 8.321083722610819, 8.322560452767627, 8.306876624871164, 8.298078569351818, 8.291245693534748, 8.272837492135855, 8.261161479475271, 8.244525718473202, 8.241010669130006, 8.235574912161848, 8.21620649989374, 8.213578467994793, 8.203820379611054, 8.182520423000215, 8.189945097962116, 8.160434844806723, 8.16249299588786, 8.141595756306367, 8.139522967834818, 8.124657693491802, 8.123352525460774, 8.102478437294248, 8.100422223768623, 8.082075341254876, 8.069295684676364, 8.072365191187794, 8.062288672675914, 8.053158544307381, 8.041770138891573, 8.037109500142783, 8.02392170008491, 8.00737054423509, 8.012589776138375, 7.986767367539902, 7.989301937198207, 7.980748854071845, 7.958766977172092, 7.956899791821096, 7.9561552850369415, 7.938806626591747, 7.932463531580446, 7.928999727128318, 7.929992323008058, 7.9086263050321, 7.895426934660829, 7.899107461601361, 7.882310763743129], "val_main": [7.676692707198007, 6.970554734979357, 6.561627234731402, 6.23254793030875, 5.93285300050463, 5.664725039686475, 5.484081098011562, 5.345817267894745, 5.199988399233137, 5.056000718048641, 4.918628641537258, 4.8824654306684225, 4.779225630419595, 4.708767303398678, 4.572744446141379, 4.526611353669848, 4.423596543925149, 4.378814356667655, 4.343341452734811, 4.308358034917286, 4.227447373526437, 4.290780139820916, 4.159105607441494, 4.1549582694258005, 4.120029304708753, 4.0928351283073425, 4.067046931811741, 4.034019253083637, 3.9986152052879333, 3.8985770855631148, 3.969745542321886, 3.930881538561412, 3.8972359044211253, 3.866061989750181, 3.848355667931693, 3.7961373456886838, 3.829403873000826, 3.7382325444902693, 3.748145571776799, 3.7093594670295715, 3.6878496067864552, 3.649860577923911, 3.567362538405827, 3.608613133430481, 3.549213077340807, 3.536171261753355, 3.5494778411728993, 3.56744493331228, 3.481348787035261, 3.5306228612150465, 3.4663011644567763, 3.441707832472665, 3.5212432529245103, 3.408091200249536, 3.436971800667899, 3.4194083086081912, 3.391339974743979, 3.4822439551353455, 3.328760768686022, 3.355292226587023, 3.3551418781280518, 3.2858829157693044, 3.3389330165726796, 3.307911996330534, 3.2454573214054108, 3.3490612634590695, 3.2465766625744954, 3.2123402101652965, 3.206996419600078, 3.18046697974205, 3.248013496398926, 3.18702409522874, 3.1354171420846666, 3.186268768140248, 3.1895297936030795, 3.172474388565336, 3.1108006962708066, 3.0774900359766826, 3.108453473874501, 3.1148483412606374, 3.083184791462762, 3.0779387525149753, 3.080372695411955, 3.0135840560708727, 3.0997737560953413, 3.0430096558162143, 3.0147819561617717, 3.0077578042234694, 3.028320414679391, 3.0288011772292003, 3.0370047943932668, 2.994605072907039, 2.987276647772108, 3.0388017850262776, 2.9415930211544037, 2.928439813000815, 2.943376043013164, 2.9378000838415965, 2.9110353887081146, 2.977710042681013, 2.9519799181393216, 2.895624961171831, 2.940407680613654, 2.8695152572223117, 2.86146086028644, 2.880328983068466, 2.8562179590974535, 2.8952232769557407, 2.8563206791877747, 2.792719168322427, 2.8704672498362407, 2.837917366198131, 2.89212172797748, 2.8736472598143985, 2.8109029020581926, 2.8170458248683383, 2.766777800662177, 2.7768813967704773, 2.8128457282270705, 2.7591108424322948, 2.848722530262811, 2.78452125617436, 2.7668349189417705, 2.754433640411922, 2.793629003422601, 2.7386851736477444, 2.7575344954218184, 2.7183061923299516, 2.7419143276555196, 2.795167020389012, 2.7226641603878567, 2.754862517118454, 2.6894649607794627, 2.723037851708276, 2.6850109781537737, 2.6882617005280087, 2.7196152891431535, 2.705228226525443, 2.688550455229623, 2.6781025571482524, 2.685376558985029, 2.7023183149950847, 2.6546759392533983, 2.7220199746744975, 2.6731225677898953, 2.6540423248495375, 2.658077678510121, 2.6259924982275282, 2.6962990973676955, 2.660562132086073, 2.646640087877001, 2.6622888318129947, 2.608286440372467, 2.639215205396925, 2.6262823854173933, 2.5889573863574435, 2.638544602053506, 2.63996199624879, 2.619361651795251, 2.6457037883145467, 2.6205954466547285, 2.612575956753322, 2.6414253413677216, 2.5619009818349565, 2.580044746398926, 2.646313318184444, 2.5419679156371524, 2.619769185781479, 2.5730107682091847, 2.604961931705475, 2.568263752119882, 2.589350721665791, 2.5654391178062985, 2.566439764840262, 2.6090765041964397, 2.5262083326067244, 2.5668767392635345, 2.5650228687695096, 2.5616301042693004, 2.5519807253565108],