{"epoch": [0, 1, 2, 3, 4, 5, 6, 7, 8, 9, 10, 11, 12, 13, 14, 15, 16, 17, 18, 19, 20, 21, 22, 23, 24, 25, 26, 27, 28, 29], "train_loss": [23.66943478476408, 18.492059401257546, 16.899079741395976, 15.889893486488997, 15.253418732552507, 14.863440202911516, 14.534769304197837, 14.222808574659252, 13.953357662011056, 13.70732201062716, 13.487894940699928, 13.191371425784011, 12.929289390598488, 12.727187892430509, 12.514121938075416, 12.31689770081464, 12.12921415303088, 11.99037273545071, 11.845002113963684, 11.703660013449138, 11.577107558962446, 11.454761746781983, 11.313647904547091, 11.212620553927184, 11.084027264452628, 10.980409676133238, 10.890688436603115, 10.813806430247036, 10.707451110511883, 10.623154616463777], "val_main": [5.872057548591068, 5.244635581970215, 4.9070764524596076, 4.672051915100643, 4.4867284042494635, 4.331958310944693, 4.204563353742872, 4.106780524764742, 3.9519566936152324, 3.8547972653593336, 3.7644887566566467, 3.669628598860332, 3.576272713286536, 3.5393644826752797, 3.427776481424059, 3.363331449883325, 3.2992221968514577, 3.24401849934033, 3.2196706363133023, 3.151003437382834, 3.120714864560536, 3.1238389568669453, 3.0247559675148556, 3.028197701488222, 2.963928929397038, 2.9442889307226454, 2.96869358420372, 2.8783816354615346, 2.8814176661627635, 2.8870816997119357], "val_dxy_loss": [7.575105564934867, 6.896253160067967, 6.539188666003091, 6.268473676272801, 6.136185305459159, 6.042651500020709, 5.9312704886708945, 5.909073531627655, 5.8085688437734335, 5.745707852499826, 5.7596384201731, 5.735669365950993, 5.580364286899567, 5.562503593308585, 5.527136283261435, 5.40206903219223, 5.297602381025042, 5.280343200479235, 5.362286823136466, 5.246713135923658, 5.220997929573059, 5.331925903047834, 5.153888191495623, 5.135452227933066, 5.073976882866451, 5.075184345245361, 5.084367598806109, 5.021868509905679, 4.972610201154437, 4.9837554182325094], "val_median_m": [8.44273567199707, 7.8796539306640625, 7.580970764160156, 7.284178733825684, 7.163331985473633, 7.044963836669922, 6.923567771911621, 6.908689498901367, 6.861106872558594, 6.81220817565918, 6.785770416259766, 6.86076545715332, 6.571381568908691, 6.613663673400879, 6.636633396148682, 6.483609676361084, 6.351438045501709, 6.315173149108887, 6.441279411315918, 6.321743965148926, 6.28837776184082, 6.461997985839844, 6.17656946182251, 6.167063236236572, 6.131399154663086, 6.123201370239258, 6.091390609741211, 6.0683393478393555, 6.004799842834473, 6.018915176391602], "val_mean_m": [11.0162353515625, 10.097448348999023, 9.588768005371094, 9.215293884277344, 9.033834457397461, 8.89837646484375, 8.736824989318848, 8.71874713897705, 8.585707664489746, 8.498917579650879, 8.493805885314941, 8.465557098388672, 8.238068580627441, 8.211230278015137, 8.180268287658691, 8.007362365722656, 7.870396614074707, 7.8335347175598145, 7.950639724731445, 7.803836822509766, 7.765262603759766, 7.9206156730651855, 7.671075820922852, 7.640425205230713, 7.566835880279541, 7.539886951446533, 7.588625907897949, 7.494299411773682, 7.42003059387207, 7.430289268493652]}