{"epoch": [0, 1, 2], "train_loss": [23.449507786677433, 19.359905182506164, 15.973594400138337], "val_main": [5.327006936073303, 4.780074988092695, 4.4151023626327515], "val_dxy_loss": [15.319302763257708, 12.162297112601143, 9.914954457964216], "val_median_m": [8.365842819213867, 6.979597091674805, 5.902297019958496], "val_mean_m": [11.145063400268555, 8.967671394348145, 7.431683540344238]}